<?xml version="1.0" encoding="UTF-8" standalone="yes"?>
<downloadHistory>
    <downloads>
        <file>aVeryLargeImage.jpg</file>
    </downloads>
</downloadHistory>
<?xml version="1.0" encoding="UTF-8" standalone="yes"?>
<downloadHistory>
    <downloads/>
</downloadHistory>
<?xml version="1.0" encoding="UTF-8" standalone="yes"?>
<downloadHistory>
    <downloads>
        <file>Tardis.jpg</file>
        <file>Tardis2.jpg</file>
    </downloads>
</downloadHistory>
<?xml version="1.0" encoding="UTF-8" standalone="yes"?>
<downloadHistory>
    <downloads>
        <file>aVeryLargeImage.jpg</file>
    </downloads>
</downloadHistory>
<?xml version="1.0" encoding="UTF-8" standalone="yes"?>
<downloadHistory>
    <downloads>
        <file>Chrysanthemum.jpg</file>
        <file>Jellyfish.jpg</file>
    </downloads>
</downloadHistory>
<?xml version="1.0" encoding="UTF-8" standalone="yes"?>
<downloadHistory>
    <downloads>
        <file>aVeryLargeImage.jpg</file>
    </downloads>
</downloadHistory>
