<?xml version="1.0" encoding="UTF-8" standalone="yes"?>
<connectionHistory>
    <developer>Taylor Smith</developer>
    <String>
        <client>/192.168.20.102</client>
    </String>
</connectionHistory>
<?xml version="1.0" encoding="UTF-8" standalone="yes"?>
<connectionHistory>
    <developer>Taylor Smith</developer>
    <String>
        <client>/192.168.20.106</client>
    </String>
</connectionHistory>
<?xml version="1.0" encoding="UTF-8" standalone="yes"?>
<connectionHistory>
    <developer>Taylor Smith</developer>
    <String>
        <client>/192.168.20.110</client>
    </String>
</connectionHistory>
<?xml version="1.0" encoding="UTF-8" standalone="yes"?>
<connectionHistory>
    <developer>Taylor Smith</developer>
    <String>
        <client>/192.168.20.108</client>
    </String>
</connectionHistory>
<?xml version="1.0" encoding="UTF-8" standalone="yes"?>
<connectionHistory>
    <developer>Taylor Smith</developer>
    <String>
        <client>/192.168.20.106</client>
    </String>
</connectionHistory>
<?xml version="1.0" encoding="UTF-8" standalone="yes"?>
<connectionHistory>
    <developer>Taylor Smith</developer>
    <String>
        <client>/192.168.20.106</client>
    </String>
</connectionHistory>
